,Title,Date,liveBroadcastContent,Channel,Comment,View,Like
0,Slippery vs Sticky Stairs,2025-05-16T16:00:01Z,none,MrBeast,6098,50167629,1595453
1,CHATGPT İLE GÜNCEL İLİŞKİMİZ!! #emreuzunboy #shorts #chatgpt #funnyshorts,2025-05-16T15:00:31Z,none,Emre Uzunboy,234,945743,33139
2,Product Link in Bio ( # 2300 ) ✅ 4-Layer Japanese Style Natural Latex Mattress,2025-05-15T09:05:49Z,none,MaviGadget,943,18312602,329816
3,Realistic silicone face mask,2025-05-16T09:55:00Z,none,승비니 Seungbini,606,15999062,265037
4,manifest - KTS | Music Video,2025-05-15T21:00:07Z,none,manifest,11965,1078378,74069
5,Hazal Subaşı ve Burak Berkay Akgül Yarışıyor 😂 Sahipsizler Dizisi Oyuncuları Boyları 😂 #shorts,2025-05-16T13:00:12Z,none,Onedio,375,1013347,30664
6,EN İYİ DOĞUM GÜNÜ HEDİYESİNİ ALAN KAZANIR!! #emreuzunboy #shorts #hediye #challenge,2025-05-13T16:32:32Z,none,Emre Uzunboy,494,2429385,51539
7,I wasn’t ready for the 4th one 😳 #VictoriaPfeifer,2025-05-15T02:10:00Z,none,Victoria Pfeifer,3889,27008817,1337788
8,Nissan GTR Kalkışa Nasıl Hazırlanır,2025-05-14T15:01:30Z,none,Doğan Kabak,88,766337,18641
9,小丑跑到coco的牙里面了 #小丑 #天使 #shorts,2025-05-13T06:30:26Z,none,好人小丑,341,74229645,750266
10,Oopsss🫢 @Infamous_wu13 #elsarca #tiktok,2025-05-15T07:14:23Z,none,Elsa Arca,101,1597616,34504
11,I Transformed into a Beauty Queen 👑,2025-05-13T12:00:24Z,none,Alan's Universe,3609,54220086,1603916
12,Trabzonspor 0-3 Galatasaray | MAÇ ÖZETİ | Ziraat Türkiye Kupası Final Maçı | 14.05.2025,2025-05-14T19:57:46Z,none,A Spor,1860,1752921,16013
13,From Small To Giant Cappuchino Assassino #katebrush #funnyshorts #viral,2025-05-14T09:43:03Z,none,Kate Brush,623,27646301,820533
14,EKİPLE TATİL ve FERİDE DOĞUM GÜNÜ VLOG !  | Ahmet Can Dündar | Sıla Dündar | Mert Eren,2025-05-16T15:01:19Z,none,Ahmet Can Dündar,8730,1402328,77689
15,The Joker dies in Squid Game!#joker  #shorts #squidgame #squidgame2,2025-05-16T19:52:52Z,none,Untitled Joker,225,6817696,177269
16,Mentos Cola Part68 @Majimero100m @mizumayuuki,2025-05-13T10:01:37Z,none,MY💝No War🤝,932,20802886,417192
17,ALAÇATI VLOG | w/ @Ati242,2025-05-14T16:30:20Z,none,İbrahim Tilaver,1760,1928811,74605
18,Мороженщица отправила заводную муху против Сигмабоя #анимация,2025-05-12T11:00:03Z,none,КРУТОЙ ПАПА на,186,8780867,108180
19,Bak Görevde Değilim Hiç Yere Ölmeyelim Şimdi | Söz #shorts,2025-05-13T15:01:34Z,none,Söz Dizi,37,1148199,33843
20,البقاء على بقايا الطعام... فقط يجب أن أتحمل! 😭,2025-05-10T12:01:29Z,none,Buzzy Bug Arabic,211,9848672,110014
21,Türkler kılıç zoruyla mı Müslüman oldu? Talkan ve Cürcan olayları nedir?,2025-05-16T17:06:31Z,none,Halil İbrahim Göker,2685,556032,43715
22,I Transformed for Revenge 😈,2025-05-12T12:00:45Z,none,Alan's Universe,1638,44218952,978175
23,Daha önce çilek sirkesi yaptınız mı? 🤩,2025-05-13T17:12:00Z,none,Lokma,159,808847,18243
24,Mehmed: Fetihler Sultanı 45. Bölüm @trt1,2025-05-13T21:20:26Z,none,Mehmed: Fetihler Sultanı,2407,1918806,28653
25,ABD öldürene 10 milyon dolar ödül verecekti: Türkiye'nin desteğiyle tokalaştılar,2025-05-14T15:00:43Z,none,Yeni Şafak,770,514962,22406
26,MOURINHO KADRO KURUYOR,2025-05-10T15:39:40Z,none,Nevzat Özkur,479,3475687,37201
27,Mıknatıs Yutan Hasta! 😱 #hekimoğlu,2025-05-11T09:30:08Z,none,Hekimoğlu,372,2243144,98026
28,GOL Victor Osimhen | Trabzonspor 0-3 Galatasaray | Ziraat Türkiye Kupası Final Maçı,2025-05-14T19:25:51Z,none,Galatasaray Haberleri,94,259880,6891
29,"Sahipsizler 24. Bölüm 2. Fragmanı | ''Bana Bir Adım At!""",2025-05-16T19:48:06Z,none,Sahipsizler,13654,3822794,78960
